fomc_date,hawkish_net,llm_score_mean,llm_score_std,dict_surprise_ar1,dict_surprise_market,llm_surprise_ar1,llm_surprise_market,ff_pre,dgs2_ret1d,dgs2_ret1w,dgs10_ret1d,dgs10_ret1w,sp500_ret1d,sp500_ret1w,window
1997-03-25,1.9867549668874167,0.75,0.0,,0.6306178950706576,,0.597243050946179,5.47,0.04,0.1600000000000001,0.0300000000000002,0.1800000000000006,-0.2303866052212753,-2.1742083023597485,Train (1997-2015)
1998-09-29,-2.586206896551724,-0.6,0.0,-4.195102551678073,-3.974804826745039,-1.2035653061165985,-0.7617540330699788,5.55,0.0199999999999995,-0.2800000000000002,-0.0200000000000004,-0.3000000000000007,0.03147033039559,-4.494510882743741,Train (1997-2015)
1998-10-15,-0.6024096385542169,-0.6333,0.0289,1.5060881386137837,-1.9017402082120034,-0.0888158989737301,-0.7703120520255446,5.33,0.0499999999999998,-0.1,0.0,-0.0099999999999997,4.088202208254856,5.645485494129252,Train (1997-2015)
1998-11-17,0.0,-0.55,0.0866,0.4958547860153547,-1.3480218572226201,0.02280265306912732,-0.7005076780497816,5.45,0.0200000000000004,0.1000000000000005,0.0200000000000004,-0.0299999999999993,0.3032673231557144,2.407684575550756,Train (1997-2015)
1999-05-18,1.1976047904191618,0.65,0.0,1.2037564691735037,0.028117654267597825,1.151963752613571,0.548976284039087,5.01,0.0700000000000002,-0.0099999999999997,0.0199999999999995,-0.1400000000000005,-0.4616905093740054,-0.6891944269952445,Train (1997-2015)
1999-06-30,2.312138728323699,0.35,0.0,1.3447489004274047,1.1832276651428293,-0.16852460929120106,0.2602226390592845,4.91,-0.1499999999999994,-0.0999999999999996,-0.1200000000000001,-0.1099999999999994,1.5608805716027467,2.9002984985025764,Train (1997-2015)
1999-08-24,2.202643171806168,0.65,0.0,0.3292407278939642,1.0128679991692566,0.38659748118499204,0.5433531065289885,5.06,-0.0099999999999997,-0.0099999999999997,-0.04,-0.04,0.2408493470498299,-0.8824126177544328,Train (1997-2015)
1999-10-05,1.6216216216216215,0.6333,0.0289,-0.16277110062245392,0.362867124934529,0.11477539070879894,0.5075343029946526,5.23,0.08,0.0999999999999996,0.0699999999999994,0.0899999999999998,-0.2494293248822807,2.379859801523558,Train (1997-2015)
1999-11-16,2.723735408560312,0.5833,0.1155,1.411659263444468,1.298619012693372,0.07897718707864043,0.4114242474118434,5.64,0.0599999999999996,0.1299999999999999,0.0299999999999993,0.1299999999999999,1.8249074190172367,1.960727722114101,Train (1997-2015)
1999-12-21,1.818181818181818,0.5167,0.0577,-0.38981051332569594,0.4336414952855727,0.054897535491339244,0.35607060243204086,5.54,0.0,0.0300000000000002,0.0199999999999995,0.0499999999999998,1.0759339419193434,2.7987907453399368,Train (1997-2015)
2000-02-02,2.4630541871921183,0.85,0.0,0.991192851304131,0.9770736818691366,0.44483463957705394,0.6612547148815473,5.79,0.0300000000000002,0.08,-0.0200000000000004,0.0199999999999995,-0.011356385074743,1.055937479713361,Train (1997-2015)
2000-03-21,2.392344497607656,0.85,0.0,0.39626179692041874,0.8941911703934657,0.1613939970580036,0.6578808083754879,5.82,-0.0199999999999995,0.1200000000000001,-0.0499999999999998,0.0200000000000004,2.5244513080495854,4.748064771786538,Train (1997-2015)
2000-05-16,2.4630541871921183,0.85,0.0,0.5244518993118159,0.7539052805303164,0.1613939970580036,0.5993997622704614,6.34,0.0099999999999997,-0.0199999999999995,-0.04,0.04,0.9375105396318106,-3.176560327725696,Train (1997-2015)
2000-06-28,0.5586592178770949,0.45,0.0,-1.4374234828101424,-1.2397570493202346,-0.23860600294199635,0.17465778122602726,6.56,-0.0700000000000002,-0.1900000000000004,0.0100000000000006,-0.0999999999999996,0.2939316191940989,1.300662471159835,Train (1997-2015)
2000-08-22,0.5494505494505495,0.45,0.0,0.10146415108015333,-1.216504859370225,0.10155678435959431,0.1836548652421851,6.48,-0.0100000000000006,-0.0899999999999998,-0.0099999999999997,-0.0599999999999996,-0.0900701347940382,0.4637488799242394,Train (1997-2015)
2000-10-03,0.5208333333333333,0.6,0.0,0.08033272744301517,-1.32627422142883,0.2515567843595943,0.3111621552017903,6.68,0.0199999999999995,0.0,0.04,-0.0099999999999997,-0.682578809750394,-1.9148482604256916,Train (1997-2015)
2000-11-15,0.5076142131979695,0.45,0.0,0.09037674713289423,-1.2745716248110825,-0.026004260878502106,0.17915632323410624,6.52,-0.0199999999999995,-0.0499999999999998,-0.04,-0.08,0.4948225879737868,-2.9595938187581257,Train (1997-2015)
2000-12-19,1.7857142857142856,-0.6,0.0,1.3792227370304138,0.011643662299372526,-0.9484432156404057,-0.8685944057618544,6.5,0.0199999999999995,-0.2300000000000004,0.0200000000000004,-0.1500000000000003,-1.3042648854882348,-1.2774627489909285,Train (1997-2015)
2001-01-03,0.4219409282700421,-0.8167,0.0577,-1.023527318070761,-1.421109019195052,-0.2722158989737301,-1.10441320929619,6.67,0.0499999999999998,-0.33,0.2199999999999997,0.0200000000000004,4.888407020840131,0.9763033115253866,Train (1997-2015)
2001-01-31,-0.3759398496240601,-0.85,0.0,-0.7127869717360815,-1.9065540352148058,-0.12123270895309324,-1.05111627564067,5.9,-0.08,-0.0200000000000004,-0.0499999999999998,-0.0600000000000005,-0.5635564807286338,-1.4237510917385985,Train (1997-2015)
2001-03-20,0.0,-0.75,0.0,0.3117558735112145,-1.319618606143134,0.007085843089764121,-0.8926352295356432,5.38,-0.08,-0.08,-0.04,-0.0200000000000004,-2.4372000192958607,-2.681677708782466,Train (1997-2015)
2001-04-18,-0.3412969283276451,-0.85,0.0,-0.33514524957330316,-1.5026688498850704,-0.17795485373563358,-0.9487744449568734,4.99,-0.1500000000000003,-0.2599999999999998,-0.0700000000000002,-0.0099999999999997,3.815322509881213,2.694503740013689,Train (1997-2015)
2001-05-15,-0.7490636704119851,-0.72,0.0,-0.4654692755985028,-1.6832095833335208,0.03708584308976415,-0.7557948568437678,4.43,-0.0099999999999997,0.08,0.04,-0.0499999999999998,0.04161909984873,3.38812018560254,Train (1997-2015)
2001-06-27,-1.3888888888888888,-0.75,0.0,-0.7738179906189805,-2.0471175056097017,-0.1034670627832529,-0.7093196427064254,3.75,0.0299999999999993,0.1799999999999997,0.0199999999999995,0.1299999999999999,-0.4687374320122502,1.627109367802465,Train (1997-2015)
2001-08-21,-0.9389671361502347,-0.75,0.0,0.19622226212255311,-1.5525620726032834,-0.0779548537356336,-0.6969486521842083,3.64,-0.0500000000000002,0.0199999999999995,-0.04,0.0199999999999995,-1.2153030103248523,1.147556583176443,Train (1997-2015)
2001-09-17,-1.310043668122271,-0.85,0.0,-0.5405988832146134,-1.7167006324247773,-0.17795485373563358,-0.7395922415812015,3.13,0.0899999999999998,0.04,0.0599999999999996,0.1299999999999999,,,Train (1997-2015)
2001-10-02,-0.5405405405405406,-0.85,0.0,0.5305550133927723,-0.9025638245752831,-0.09291415691023586,-0.7272212510589844,3.02,-0.0499999999999998,-0.1099999999999998,-0.0199999999999995,-0.0300000000000002,1.223043093528238,3.1121985127879657,Train (1997-2015)
2001-11-06,0.0,-0.85,0.0,0.44556095337773716,-0.1307396681017835,-0.09291415691023586,-0.6631170274438591,2.45,-0.0899999999999998,-0.0099999999999997,-0.0099999999999997,0.0300000000000002,1.442165687681226,1.5716845197876457,Train (1997-2015)
2001-12-11,-0.9803921568627452,-0.75,0.0,-0.9742404781084033,-0.8879634236257083,0.007085843089764121,-0.5012620748327734,1.9,-0.0700000000000002,0.1,-0.04,0.0700000000000002,-0.2784784846049183,-1.4883119543141945,Train (1997-2015)
2002-01-30,-1.3793103448275863,-0.35,0.0,-0.5761908640602236,-1.238190324025716,0.3220451462643664,-0.08776644880853646,1.78,0.0100000000000002,-0.0599999999999996,0.0,-0.0799999999999991,1.1679180242276892,-0.5649078716413203,Train (1997-2015)
2002-03-19,0.0,0.0,0.0,1.1274029312416263,0.1695232718813564,0.33188235896277574,0.2701059997056017,1.71,-0.0299999999999998,0.1,0.0099999999999997,0.08,0.4058494213817126,-1.4562294847239616,Train (1997-2015)
2002-05-07,0.0,0.0333,0.0289,0.006151678754341909,0.15329284269307852,0.06753992007388385,0.29890745769752275,1.75,-0.0499999999999998,0.0,-0.0099999999999997,0.0500000000000007,-0.3025512886755084,0.220144348555278,Train (1997-2015)
2002-06-26,0.9478672985781992,0.0333,0.0289,0.954018977332541,1.1011601412712777,0.039221368031026424,0.29890745769752275,1.75,-0.1499999999999999,-0.04,-0.1299999999999999,-0.0300000000000002,-0.2677362683760554,-0.7702659018457007,Train (1997-2015)
2002-08-13,-1.0752688172043012,-0.6,0.0,-1.8396452503488043,-0.9260335818082921,-0.5940786319689736,-0.33551717780449697,1.76,-0.1,0.1799999999999997,-0.0999999999999996,0.1000000000000005,-2.19134676341581,2.7253067678750407,Train (1997-2015)
2002-09-24,-0.8928571428571428,-0.6,0.0,-0.012611745765939375,-0.7355066928669948,-0.055515898973730105,-0.3332679068004575,1.74,0.0,-0.1099999999999998,-0.0100000000000002,-0.0100000000000002,-1.74355553457417,-0.7621650748286847,Train (1997-2015)
2002-11-06,-0.3787878787878788,-0.75,0.0,0.35317376251403554,-0.1808613558270361,-0.20551589897373013,-0.47202155178026006,1.64,0.05,0.05,-0.0099999999999997,-0.2499999999999995,0.910208823907978,-4.3767254794490205,Train (1997-2015)
2002-12-10,0.0,-0.2,0.0,0.3140710568048272,0.3683460294377598,0.4720451462643664,0.125213139304569,1.22,0.02,-0.0099999999999997,0.0,0.0100000000000006,1.3860905064269249,-0.2829132226832471,Train (1997-2015)
2003-01-29,1.098901098901099,-0.2,0.0,1.1050527776554409,1.4631895210417893,0.004321313724679199,0.12408850380254927,1.23,0.07,0.02,0.0599999999999996,0.0099999999999997,0.6756085188473634,0.2071175021084348,Train (1997-2015)
2003-03-18,0.0,-0.35,0.0,-0.8871528905349781,0.3318275637641347,-0.14567868627532077,-0.03490858021360865,1.31,0.09,0.1700000000000001,0.0900000000000003,0.2900000000000005,0.4233119365493321,3.753468716669565,Train (1997-2015)
2003-05-06,-0.4385964912280701,-0.6,0.0,-0.4324448124737282,-0.09053849827565763,-0.26811764103722424,-0.2804100382055297,1.27,-0.1,-0.1,-0.08,-0.2299999999999999,0.8425928003602576,0.7376520572131279,Train (1997-2015)
2003-06-25,0.3246753246753247,-0.72,0.0,0.6873652306460178,0.7214246051925707,-0.1755158989737301,-0.38691441218129274,1.15,0.1600000000000001,0.1800000000000001,0.0899999999999998,0.25,-0.8301180320273589,-0.9142291160743464,Train (1997-2015)
2003-08-12,0.8888888888888888,-0.7,0.0,0.6311096721713862,1.3383870642680378,-0.05346706278325286,-0.3522941506550361,1.02,-0.1,0.04,-0.0099999999999997,0.1699999999999999,0.990393263719164,1.0227005936508788,Train (1997-2015)
2003-09-16,0.9009009009009008,-0.6833,0.0289,0.18446843916343725,1.3138806106064247,-0.053775202148332424,-0.34571587017321387,1.11,0.0,0.07,0.0099999999999997,-0.1100000000000003,1.419693741454061,2.095532387866824,Train (1997-2015)
2003-10-28,0.8968609865470852,-0.6833,0.0289,0.17066387426243512,1.3423015546291648,-0.06797699851817385,-0.3367187861570559,1.03,-0.1200000000000001,0.02,-0.0699999999999994,0.0300000000000002,1.5073083026475456,1.8810795959590048,Train (1997-2015)
2003-12-09,0.0,-0.6,0.0,-0.7229130369885113,0.46167099727035726,0.015323001481826193,-0.2489202441489769,0.99,0.03,-0.0999999999999998,0.0300000000000002,-0.0300000000000002,-0.8565518753596266,0.4516080602112307,Train (1997-2015)
2004-01-28,-0.4651162790697674,-0.4667,0.1258,-0.45896460031542546,-0.015618103690618501,0.07778410102626987,-0.11899415065503616,1.02,0.1700000000000001,0.1300000000000001,0.1099999999999994,0.0699999999999994,-1.3703063806122504,-0.7712932784589573,Train (1997-2015)
2004-03-16,-0.4672897196261681,-0.6,0.0,-0.08304168828890479,-0.029964366138227616,-0.1688751478419852,-0.25566805716109536,1.05,-0.05,0.0,-0.0799999999999996,0.02,0.5606722104589951,0.4778142756230807,Train (1997-2015)
2004-05-04,0.0,0.25,0.0,0.3860148367231648,0.44544056808207944,0.7944841010262699,0.596581213842944,1.03,-0.02,0.3000000000000002,0.0299999999999993,0.2599999999999998,0.1841772288478733,-1.695747189782391,Train (1997-2015)
2004-06-30,1.0344827586206895,0.35,0.0,1.0406344373750314,1.4393472537320744,0.17163817801038964,0.6853348588227467,1.13,-0.1299999999999999,-0.29,-0.08,-0.2199999999999997,0.4075485050745605,-0.9568557427047384,Train (1997-2015)
2004-08-10,0.6493506493506493,0.35,0.0,-0.185436111260472,0.9649477839265062,0.086597481184992,0.6605928777783123,1.35,0.0999999999999996,0.02,0.04,-0.0600000000000005,1.2890470057401044,-0.0394289139622852,Train (1997-2015)
2004-09-21,0.6920415224913495,0.2833,0.0577,0.17033141030200227,0.8899680454521922,0.019897481184992016,0.5612784482197399,1.64,0.0300000000000002,0.1600000000000001,-0.0200000000000004,-0.0300000000000002,0.63070141613393,-1.083190450579402,Train (1997-2015)
2004-11-10,0.7380073800738007,0.35,0.0,0.1815935515248338,0.8750697935786015,0.1433196259675322,0.6111089156894438,1.79,0.02,0.0900000000000003,0.0300000000000002,-0.0199999999999995,-0.1005523855696226,1.6807062388806724,Train (1997-2015)
2004-12-14,0.6116207951070336,0.35,0.0,0.017840991903234404,0.5904365240261255,0.086597481184992,0.5672481311106738,2.18,0.0100000000000002,0.0499999999999998,-0.0200000000000004,0.0499999999999998,0.3913271987402067,-0.3744531915298511,Train (1997-2015)
2005-02-02,0.7220216606498195,0.35,0.0,0.23098241704741457,0.6115700290333835,0.086597481184992,0.5425061500662396,2.4,0.0299999999999998,0.02,0.0,-0.08,0.317292909969953,1.0296424914303297,Train (1997-2015)
2005-03-22,0.6578947368421052,0.45,0.0,0.07710983938469163,0.42165727901651606,0.18659748118499203,0.6076424495036277,2.71,0.1399999999999996,0.1599999999999997,0.0999999999999996,0.0699999999999994,-1.0248546209256062,-1.0496007505097815,Train (1997-2015)
2005-05-03,1.006711409395973,0.4833,0.0577,0.4780557473257878,0.6609185545495085,0.1348567843595943,0.6105772909490945,2.98,0.04,0.0899999999999998,0.0,0.0700000000000002,-0.0852216655406016,0.7876536959011464,Train (1997-2015)
2005-06-30,1.4492753623188406,0.45,0.0,0.6370641302812887,1.0142151469368477,0.07323823231673693,0.5525353099046603,3.2,0.0100000000000002,0.1400000000000001,-0.0500000000000002,0.1200000000000001,-0.7126235441053447,0.427473141546864,Train (1997-2015)
2005-08-09,1.048951048951049,0.35,0.0,-0.12302358831385729,0.49216261465697253,0.0015567843595942765,0.418796244844068,3.5,-0.0300000000000002,-0.1100000000000003,-0.0099999999999997,-0.1799999999999997,0.6722344610712961,0.5918053161968498,Train (1997-2015)
2005-09-20,1.0869565217391304,0.45,0.0,0.24040838435366685,0.48147679988022063,0.18659748118499203,0.5053006188198311,3.62,0.0699999999999998,0.0899999999999994,0.0099999999999997,0.0,-0.7894521231179437,-1.2860346307608954,Train (1997-2015)
2005-11-01,1.0309278350515465,0.35,0.0,0.15348477679145234,0.2631438213098586,0.0015567843595942765,0.3603151987390415,4.02,0.0199999999999995,0.0699999999999994,0.0099999999999997,0.0899999999999998,-0.3527311213989366,1.0819383089342371,Train (1997-2015)
2005-12-13,3.361344537815126,0.65,0.0,2.5294476000196937,2.50429316353791,0.38659748118499204,0.6355732176946072,4.24,-0.0200000000000004,-0.08,-0.0199999999999995,-0.1099999999999994,0.5538295312984911,0.5451416984199612,Train (1997-2015)
2006-01-31,3.153153153153153,0.65,0.0,0.42684379643428105,2.1987192037462697,0.131475390708799,0.6085819656461333,4.48,0.0200000000000004,0.0700000000000002,-0.0099999999999997,0.0,-0.3983980099300531,-1.660146895006546,Train (1997-2015)
2006-03-28,2.120141342756184,0.65,0.0,-0.43692774712594584,1.0480367817342868,0.131475390708799,0.5759675360875609,4.77,0.0899999999999998,0.1000000000000005,0.0899999999999998,0.1600000000000001,-0.645899872572224,-0.519164824975849,Train (1997-2015)
2006-05-10,2.416918429003021,0.65,0.0,0.6995920341461657,1.3407562606840542,0.131475390708799,0.5748429005855411,4.78,0.04,0.0200000000000004,0.0,0.0200000000000004,-0.1729643723628145,-2.339360507868072,Train (1997-2015)
2006-06-29,2.413793103448276,0.64,0.0173,0.45521449083517074,1.2240179308113643,0.12147539070879898,0.5333531065289885,5.06,-0.08,-0.1200000000000001,-0.0300000000000002,-0.0999999999999996,2.1335769185163973,2.7070038280934394,Train (1997-2015)
2006-08-08,2.7149321266968327,0.3833,0.0577,0.7588941135984268,1.4521200227126712,-0.12672053960866125,0.256409667492633,5.24,-0.0499999999999998,0.0,0.0,0.04,-0.3368372259265255,-0.7103269785176619,Train (1997-2015)
2006-09-20,2.857142857142857,0.35,0.0,0.6563067764765265,1.6065035750499042,0.058278929142134506,0.2264835739986923,5.21,0.0199999999999995,-0.1600000000000001,-0.0099999999999997,-0.1800000000000006,0.5706071034442843,0.6603615085447536,Train (1997-2015)
2006-10-25,2.803738317757009,0.35,0.0,0.48729811635911924,1.5409262137728477,0.086597481184992,0.223109667492633,5.24,-0.0300000000000002,-0.1299999999999999,-0.0499999999999998,-0.1500000000000003,0.3507733603266655,0.039926456459335,Train (1997-2015)
2006-12-12,2.6785714285714284,0.35,0.0,0.4055441595128326,1.4117017172901973,0.086597481184992,0.2219850319906133,5.25,-0.0599999999999996,0.0600000000000005,-0.0299999999999993,0.08,-0.1047922221211886,0.9893942422256164,Train (1997-2015)
2007-01-31,2.23463687150838,0.35,0.0,0.06335866262000511,0.9758823748212877,0.086597481184992,0.2242343029946527,5.23,-0.04,-0.0600000000000005,-0.0499999999999998,-0.0700000000000002,0.6571245841597129,1.2636638815136412,Train (1997-2015)
2007-03-21,0.591715976331361,0.65,0.0,-1.2186846534132498,-0.6792113422469396,0.38659748118499204,0.5208603964885936,5.26,-0.0899999999999998,-0.04,-0.0299999999999993,0.04,1.6936643202980273,1.86493862842975,Train (1997-2015)
2007-05-09,0.5952380952380952,0.6333,0.0289,0.12037962129818791,-0.6554011868548578,0.11477539070879894,0.5097835739986922,5.21,0.0500000000000007,0.0500000000000007,0.04,0.0600000000000005,0.3218216510912948,-0.3035634089707884,Train (1997-2015)
2007-06-18,0.0,0.65,0.0,-0.4777216296107064,-1.2709273185783005,0.1456771870786404,0.5208603964885936,5.26,-0.04,-0.1299999999999999,-0.0099999999999997,-0.0200000000000004,-0.121410562125395,-1.9997552978541548,Train (1997-2015)
2007-08-07,0.0,0.45,0.0,0.006151678754341909,-1.2709273185783005,-0.06852460929120102,0.32086039648859355,5.26,0.0999999999999996,0.0099999999999997,0.0499999999999998,0.0899999999999998,0.6140474654544519,-0.9605373538984892,Train (1997-2015)
2007-08-10,0.0,-0.3,0.0,0.006151678754341909,-1.3317914280343426,-0.6484432156404056,-0.44600913604170256,5.41,-0.0200000000000004,-0.2200000000000006,0.0199999999999995,-0.0999999999999996,0.0378465724980619,-3.2445798889535653,Train (1997-2015)
2007-08-17,1.5384615384615383,-0.6167,0.0289,1.5446132172158802,0.3852048314982519,-0.3273379894499232,-0.7132251739528339,4.97,0.0999999999999996,0.0700000000000002,0.08,0.0300000000000002,2.42695665225198,3.673016986338075,Train (1997-2015)
2007-09-18,1.1583011583011582,-0.6,0.0,-0.08617355994954767,-0.1410294113566284,-0.04131410260388857,-0.7370120520255445,5.33,-0.08,-0.0200000000000004,0.0199999999999995,0.1599999999999992,2.878958164080636,3.27100672655318,Train (1997-2015)
2007-10-31,1.30718954248366,0.1,0.0,0.3717499184735835,0.2310273741646931,0.6444841010262699,0.024842900585541144,4.78,0.1200000000000001,-0.1299999999999999,0.08,-0.0500000000000007,1.1920661356754998,-1.902343408923852,Train (1997-2015)
2007-12-11,1.4184397163120568,-0.35,0.0,0.3619676590490377,0.4721209814993127,-0.4008007767515138,-0.38916876334982714,4.46,-0.2299999999999999,0.1400000000000001,-0.1700000000000003,0.0899999999999998,-2.5595871370425174,-3.218203947634092,Train (1997-2015)
2008-01-22,0.7751937984496124,-0.85,0.0,-0.3717143214531822,-0.05345432474811751,-0.5181176410372242,-0.8565543337912547,4.17,-0.2799999999999998,-0.1299999999999999,-0.1400000000000001,-0.0500000000000002,-1.114705738766174,0.4081671526193574,Train (1997-2015)
2008-01-30,1.1764705882352942,-0.75,0.0,0.5524616793514335,0.6318549758324262,0.007085843089764121,-0.6778298486498728,3.47,0.0099999999999997,-0.2099999999999999,0.0899999999999998,-0.0099999999999997,-0.4775378708849709,1.3503003068872257,Train (1997-2015)
2008-03-11,0.4705882352941176,-0.6,0.0,-0.4796214483671655,0.12073777315058337,0.07204514626436642,-0.47384734455292515,2.99,0.27,0.0,0.1400000000000001,-0.02,3.645713261332977,1.1532403286423794,Train (1997-2015)
2008-03-18,1.3605442176870748,-0.62,0.0,0.9841513514751667,1.1324219744556245,-0.07551589897373012,-0.4601082794923329,2.69,0.2299999999999999,0.24,0.1400000000000001,0.0,4.153489642900969,4.061018592706788,Train (1997-2015)
2008-04-30,0.0,-0.45,0.0,-1.0998444546514827,-0.03335709297211642,0.11149224039134947,-0.23612577539538537,2.21,-0.06,0.0699999999999998,-0.08,0.0299999999999998,-0.3853718408086887,1.182823382236444,Train (1997-2015)
2008-06-25,2.755905511811024,0.35,0.0,2.762057190565366,2.8361614231568524,0.7669230557881734,0.5953640186611674,1.93,-0.0500000000000002,-0.2400000000000002,0.0200000000000004,-0.1099999999999994,0.5826400535617632,-2.643654765377415,Train (1997-2015)
2008-08-05,2.409638554216868,0.35,0.0,0.17549491550153729,2.4736640363744185,0.086597481184992,0.5908654766530884,1.97,0.0100000000000002,-0.02,0.06,-0.04,2.8314087237507635,3.7178194263587776,Train (1997-2015)
2008-09-16,1.762114537444934,-0.1833,0.0289,-0.1905462128447757,1.5542803306988309,-0.446702518815008,-0.017785101982234236,2.64,0.1099999999999998,0.3800000000000001,0.0099999999999997,0.3099999999999996,1.7371525271791657,5.097967689475135,Train (1997-2015)
2008-10-08,1.1160714285714286,-0.7333,0.0289,-0.3102124134729629,0.7743361810220334,-0.5431804826451622,-0.6048980735488857,2.97,0.1799999999999999,0.1500000000000001,0.2200000000000002,0.3900000000000001,-1.1397406925517295,0.712152088453472,Train (1997-2015)
2008-10-29,0.0,-0.85,0.0,-0.9011107744301238,0.5915144307765798,-0.192156650105475,-0.4629319080843452,0.67,-0.0699999999999998,-0.1999999999999999,0.04,0.0699999999999998,-1.114090717751644,2.7052040662407904,Train (1997-2015)
2008-12-16,0.7317073170731708,-0.95,0.0,0.7378589958275127,1.522044505406154,-0.19291415691023583,-0.5078247684853778,0.18,-0.0999999999999999,-0.01,-0.1599999999999997,-0.3999999999999999,5.008481578859222,2.198841462565857,Train (1997-2015)
2009-01-28,-0.6172839506172839,-0.85,0.0,-1.2059423875116844,0.17305323771569936,-0.007873460084838246,-0.40782476848537785,0.18,0.02,0.02,0.1200000000000001,0.1699999999999999,3.300683868264074,-2.42599567696004,Train (1997-2015)
2009-03-18,-0.4705882352941176,-0.85,0.0,0.03735798546842245,0.3116337384447267,-0.09291415691023586,-0.41007403948941734,0.2,-0.2300000000000001,-0.12,-0.5100000000000002,-0.3399999999999998,2.064339177691497,5.5978222184233175,Train (1997-2015)
2009-04-29,-1.8648018648018647,-0.85,0.0,-1.476105641081273,-1.0663494618747427,-0.09291415691023586,-0.40557549748133837,0.16,-0.01,-0.01,0.0700000000000002,0.1400000000000001,2.1379853727164115,5.911845841995321,Train (1997-2015)
2009-06-24,-1.0498687664041997,-0.75,0.0,0.47219369659868504,-0.2838772218536332,0.007085843089764121,-0.31457258149749634,0.24,0.05,-0.0299999999999998,0.0700000000000002,-0.1400000000000001,0.650324882432666,3.5266209315234027,Train (1997-2015)
2009-08-12,-0.9456264775413712,-0.7333,0.0289,-0.08602896356048728,-0.14717407461424903,-0.06125485373563355,-0.28887549748133834,0.16,-0.03,-0.1699999999999999,0.0100000000000002,-0.2299999999999999,1.1459230792872048,-1.481222923743648,Train (1997-2015)
2009-09-23,-0.936768149882904,-0.75,0.0,-0.1619099386904712,-0.13425813965871236,-0.09215665010547502,-0.30445086197931864,0.15,-0.06,-0.04,-0.02,-0.1499999999999999,-1.01195584531233,-0.8132613923148738,Train (1997-2015)
2009-11-04,-1.4989293361884368,-0.75,0.0,-0.7312721229579533,-0.6842465040730368,-0.0779548537356336,-0.3010769554732594,0.12,-0.01,-0.05,0.0699999999999998,0.02,0.1042077241505182,4.459017369697008,Train (1997-2015)
2009-12-16,-1.76678445229682,-0.65,0.0,-0.5421423867388446,-0.9561592274784894,0.022045146264366378,-0.20220159097527918,0.13,-0.03,0.01,0.0099999999999997,0.0899999999999998,0.112759409490769,0.5508609717982805,Train (1997-2015)
2010-01-27,-1.2773722627737227,-0.5,0.0,0.16501114398994998,-0.4626894306583227,0.08700444943896879,-0.05107695547325941,0.12,0.03,-0.01,0.0100000000000002,0.0300000000000002,0.4868282868611808,-0.2732336169280433,Train (1997-2015)
2010-03-16,-0.6681514476614699,-0.6,0.0,0.376385287000348,0.11407052607737433,-0.14055659579912771,-0.16007403948941734,0.2,-0.0299999999999999,0.06,-0.0499999999999998,-0.0099999999999997,0.7749014983159959,0.8128484737421754,Train (1997-2015)
2010-04-28,-0.7246376811594203,-0.6,0.0,-0.1753409079374073,0.05758429257942399,-0.055515898973730105,-0.16007403948941734,0.2,0.0,-0.03,0.0899999999999998,0.0100000000000002,0.6441958378180899,1.554958597286647,Train (1997-2015)
2010-05-09,-0.641025641025641,-0.6,0.0,-0.04581080426167505,0.1411963327132033,-0.055515898973730105,-0.16007403948941734,0.2,0.0,-0.0399999999999999,0.0,-0.0100000000000002,0.0,2.207913935179885,Train (1997-2015)
2010-06-23,-1.098901098901099,-0.65,0.0,-0.5716550880613205,-0.3085639105681157,-0.10551589897373015,-0.2078247684853779,0.18,-0.0499999999999999,-0.0899999999999999,-0.0500000000000002,-0.1300000000000003,-0.298993926106872,-1.911695014512904,Train (1997-2015)
2010-08-10,-1.282051282051282,-0.75,0.0,-0.38259503400762007,-0.49171409371829866,-0.1629955505610312,-0.3078247684853779,0.18,-0.02,0.0,-0.0699999999999998,-0.1799999999999997,-0.5985281603927614,-4.399364471414975,Train (1997-2015)
2010-09-21,-2.088167053364269,-0.75,0.0,-1.0398267104390537,-1.3100026869224939,-0.0779548537356336,-0.3111986749914371,0.21,-0.0399999999999999,-0.0199999999999999,-0.1100000000000003,-0.1,-0.2567313120713856,0.5202189454801281,Train (1997-2015)
2010-11-03,-0.4032258064516129,-0.8167,0.0577,1.300411817193571,0.3789961672872314,-0.14465485373563358,-0.37677403948941735,0.2,0.0,0.0699999999999999,0.04,-0.0299999999999998,0.3671306443685746,2.45624800841012,Train (1997-2015)
2010-12-14,-0.8080808080808081,-0.75,0.0,-0.4741439849501431,-0.013686012450755403,-0.02123270895309326,-0.30670013298335813,0.17,0.05,0.0,0.2000000000000001,0.04,0.0910541684680049,0.2777424833511684,Train (1997-2015)
2011-01-26,-1.5909090909090908,-0.75,0.0,-0.9278627389803804,-0.7965142952790382,-0.0779548537356336,-0.30670013298335813,0.17,0.0,-0.04,0.1,0.0699999999999998,0.4212024148480004,-0.3926640282021923,Train (1997-2015)
2011-03-15,-1.284796573875803,-0.35,0.0,0.014616492690577187,-0.4782289563545419,0.3220451462643664,0.09667377352270112,0.14,0.02,0.0,-0.0299999999999998,-0.08,-1.1263544394845546,-1.3340820529797666,Train (1997-2015)
2011-04-27,-0.8565310492505354,-0.3333,0.0289,0.19404096104977797,-0.02967539524392704,-0.0014176410372242487,0.11899695103279978,0.09,0.0,-0.04,0.0500000000000002,-0.0299999999999998,0.6230397799828821,1.032328690423851,Train (1997-2015)
2011-06-22,-1.5151515151515151,-0.3167,0.0289,-0.8127196153665256,-0.6882958611449068,0.000980562592934331,0.13559695103279978,0.09,-0.01,0.0099999999999999,0.0199999999999995,-0.04,-0.6489459844407727,-1.1973993223729238,Train (1997-2015)
2011-08-09,-0.7547169811320755,-0.75,0.0,0.48311220982420755,0.06402345828039391,-0.44643619308008176,-0.29995231997123967,0.11,-0.08,-0.07,-0.1999999999999997,-0.1599999999999997,4.631744106338802,5.165911346696122,Train (1997-2015)
2011-09-21,-0.4983388704318937,-0.75,0.0,0.12132764458907558,0.32851678357471464,-0.0779548537356336,-0.29770304896720023,0.09,0.03,0.07,-0.07,-0.04,-2.9830995087147443,-3.310184171993807,Train (1997-2015)
2011-11-02,-0.4008016032064128,-0.7067,0.0115,0.010453310458202136,0.43011165809726504,-0.034654853735633595,-0.2532784134651805,0.08,0.0,0.0199999999999999,0.02,0.0300000000000002,1.5976363304397203,3.456015917930477,Train (1997-2015)
2011-12-13,-0.4524886877828055,-0.65,0.0,-0.12052251682273968,0.38248218081794183,-0.014777475461030809,-0.19545377796316077,0.07,0.0,0.0,-0.0699999999999998,-0.1699999999999997,-0.8723953020305214,-1.3688362557460665,Train (1997-2015)
2012-01-25,-0.6960556844547563,-0.75,0.0,-0.3220727124636355,0.13079996955185202,-0.1629955505610312,-0.29770304896720023,0.09,-0.0199999999999999,-0.0199999999999999,-0.0700000000000002,-0.2099999999999999,0.8641694717196025,-0.1248270202429312,Train (1997-2015)
2012-03-13,-0.2272727272727272,-0.6,0.0,0.344707599778562,0.5874101048426729,0.07204514626436642,-0.1510769554732594,0.12,0.0199999999999999,0.0399999999999999,0.1,0.27,1.7969133090434228,2.3840393180098625,Train (1997-2015)
2012-04-25,-0.6681514476614699,-0.6167,0.0289,-0.4772481420768369,0.1384161698597911,-0.07221589897373015,-0.17002622647729893,0.14,-0.01,0.0,0.0099999999999997,-0.05,1.35523428987414,1.8730646685902577,Train (1997-2015)
2012-06-20,-0.9765625,-0.75,0.0,-0.427265726777987,-0.18216770436994734,-0.1913141026038886,-0.30670013298335813,0.17,0.02,0.01,0.01,-0.01,-0.1687780512771723,-3.313550185224622,Train (1997-2015)
2012-08-01,-0.6396588486140725,-0.75,0.0,0.1603474766766767,0.17096637620425803,-0.0779548537356336,-0.30220159097527916,0.13,0.0099999999999999,0.0099999999999999,0.05,0.08,-0.2904192901745425,1.0751692383478637,Train (1997-2015)
2012-09-13,0.0,-0.85,0.0,0.5261349355048416,0.8025100102241917,-0.17795485373563358,-0.4044508619793186,0.15,-0.01,0.0,-0.02,0.05,1.617817215384428,1.5719129454269571,Train (1997-2015)
2012-10-24,-0.7142857142857143,-0.75,0.0,-0.7081340355313724,0.08822429593847736,0.007085843089764121,-0.30445086197931864,0.15,0.0,0.01,0.01,-0.05,-0.3090152483587832,-0.0828335103837521,Train (1997-2015)
2012-12-12,-1.566951566951567,-0.75,0.0,-0.9801519181591671,-0.7725567713215143,-0.0779548537356336,-0.30670013298335813,0.17,0.01,0.01,0.06,0.1200000000000001,0.0448139333956705,0.176336171526784,Train (1997-2015)
2013-01-30,-1.3636363636363635,-0.7,0.0,-0.08369853978428754,-0.5489535315209635,-0.027954853735633556,-0.25107695547325937,0.12,-0.0299999999999999,-0.0499999999999999,0.0,-0.0299999999999998,-0.3907244671751714,-0.8077156115785707,Train (1997-2015)
2013-03-20,-1.062215477996965,-0.65,0.0,0.05244596173912375,-0.25970546777277337,-0.020475202148332428,-0.20445086197931867,0.15,0.02,0.0,0.04,0.01,0.6675163815817943,0.2161254562165496,Train (1997-2015)
2013-05-01,-1.0218978102189782,-0.6833,0.0577,-0.15226356600591584,-0.21533019269771714,-0.09629555056103123,-0.23662622647729892,0.14,-0.0199999999999999,0.0,-0.04,0.1,-0.9351472649564404,1.2398056237410504,Train (1997-2015)
2013-06-19,-0.8415147265077139,-0.45,0.1,-0.004655003027391191,-0.026831894392313815,0.16532300148182616,-0.0010769554732594222,0.12,0.0399999999999999,0.1499999999999999,0.1299999999999999,0.3699999999999996,-1.3948301328481996,-4.882987562688168,Train (1997-2015)
2013-07-31,-0.8379888268156425,-0.4333,0.1443,-0.14776380327593075,-0.011133172809034142,-0.01637694421182656,0.018996951032799747,0.09,-0.02,-0.01,-0.0299999999999998,0.04,-0.013641851599842,1.2484352924801685,Train (1997-2015)
2013-09-18,-0.3663003663003663,-0.35,0.0,0.3210584281410827,0.46461289500331154,0.052721259418332056,0.10342158653481953,0.08,-0.0499999999999999,-0.04,-0.1699999999999999,-0.1399999999999996,1.2104121558415792,-0.171434549486423,Train (1997-2015)
2013-10-30,-0.6273525721455459,-0.35,0.0,-0.3234327036280973,0.20356068915813197,-0.01811764103722424,0.10342158653481953,0.08,0.02,0.01,0.02,0.1,-0.4887849694569304,-0.2271206472199806,Train (1997-2015)
2013-12-18,-1.4460511679644048,0.15,0.0,-0.9299200926898112,-0.6191955139577965,0.48188235896277576,0.6022969510327998,0.09,-0.02,0.0399999999999999,0.04,0.0899999999999998,1.651090600917418,2.6041992907677094,Train (1997-2015)
2014-01-29,-1.3921113689095126,0.15,0.0,-0.21045434480559844,-0.5571405003087653,0.056678874835787346,0.6045462220368393,0.07,-0.02,-0.08,-0.08,-0.1600000000000001,-1.026170390849596,-2.8640554455014624,Train (1997-2015)
2014-03-19,-1.756311745334797,0.15,0.0,-0.6185027699865604,-0.9253984840311191,0.056678874835787346,0.6034215865348195,0.08,0.1099999999999999,0.1099999999999999,0.0999999999999996,0.06,-0.6150525096734505,-0.7941752085184856,Train (1997-2015)
2014-04-30,-1.7772511848341233,0.15,0.0,-0.34338111652407344,-0.9544531381245843,0.056678874835787346,0.6011723155307801,0.1,-0.02,-0.01,-0.04,-0.08,0.298754980270127,0.3364390610837752,Train (1997-2015)
2014-06-18,-1.8050541516245489,0.15,0.0,-0.3541622630598731,-0.9822561049150099,0.056678874835787346,0.6011723155307801,0.1,-0.03,-0.03,-0.0500000000000002,-0.0300000000000002,0.7689243160729405,1.0561997098671412,Train (1997-2015)
2014-07-30,-1.805869074492099,0.1833,0.0577,-0.3323759552083687,-0.9790134204854908,0.08997887483578734,0.6355969510327998,0.09,0.02,-0.07,0.0999999999999996,0.0399999999999995,0.0060910919410201,-1.584092301747147,Train (1997-2015)
2014-09-17,-1.935483870967742,0.2833,0.0577,-0.4613282950517188,-1.1086282169611337,0.1616603227929299,0.7355969510327998,0.09,0.0399999999999999,0.0299999999999999,0.02,-0.0300000000000002,0.1294805079088434,-0.2348923834193463,Train (1997-2015)
2014-10-29,-2.0,0.25,0.0,-0.4204796282393075,-1.1731443459933917,0.04331962596753222,0.7022969510327998,0.09,0.06,0.1,0.04,0.06,-0.138631599064252,1.6368666573979684,Train (1997-2015)
2014-12-17,-1.5915119363395225,-0.2167,0.0577,0.04045405852138173,-0.7768291042241224,-0.3950618219896104,0.23222304452674059,0.12,0.04,0.13,0.0700000000000002,0.1,2.0148073243295617,5.224230857635086,Train (1997-2015)
2015-01-28,-1.5437392795883362,-0.2167,0.0577,-0.24383615565635863,-0.7249988401758668,0.0018231100945206025,0.23334768002876033,0.11,-0.04,-0.05,-0.1,-0.1500000000000001,-1.358750281102202,-0.429591475886151,Train (1997-2015)
2015-03-18,-1.001669449081803,0.0167,0.2309,0.2593989402179129,-0.18698661696640295,0.2352231100945206,0.4656230445267406,0.12,-0.13,-0.0999999999999999,-0.1300000000000001,-0.1400000000000001,1.2085101501628708,1.4425737961224876,Train (1997-2015)
2015-04-29,-2.083333333333333,-0.35,0.0,-1.2629173894171069,-1.2727081085150025,-0.3299618762959575,0.09779840902472087,0.13,0.0,0.0399999999999999,0.06,0.1600000000000001,-0.3747348127573222,-0.0127691449603032,Train (1997-2015)
2015-06-17,-1.7825311942959003,0.15,0.0,-0.0828229362638897,-0.9759635767746393,0.48188235896277576,0.5966737735227011,0.14,-0.0399999999999999,-0.0299999999999999,0.0,0.0500000000000002,0.197768439507284,1.2590437192674204,Train (1997-2015)
2015-07-29,-1.6216216216216215,0.25,0.0,-0.16643757557087802,-0.8150540041003604,0.15667887483578735,0.6966737735227011,0.14,0.01,-0.0099999999999998,0.0300000000000002,-0.0999999999999996,0.7292142927383681,0.2285712085449685,Train (1997-2015)
2015-09-17,-1.1608623548922057,-0.35,0.0,0.16351714773232184,-0.35429473737094463,-0.5283618219896103,0.09667377352270112,0.14,-0.12,-0.13,-0.0899999999999998,-0.1599999999999997,-0.2564344442560098,-2.670011338264916,Train (1997-2015)
2015-10-28,-1.1784511784511784,0.15,0.0,-0.2286261818903741,-0.36376834633577837,0.48188235896277576,0.5989230445267406,0.12,0.0799999999999999,0.12,0.0500000000000002,0.1500000000000003,1.1770488488143476,1.8303007757872165,Train (1997-2015)
2015-12-16,-0.6578947368421052,0.35,0.0,0.30622834029152424,0.14461527338208646,0.25667887483578733,0.7955491380206814,0.15,0.04,-0.02,0.02,-0.0799999999999996,1.4410635650771484,-1.0953329265055556,Train (1997-2015)
2016-01-27,-0.5190311418685121,-0.1833,0.0577,0.02192787771035687,0.19015390052308212,-0.446702518815008,0.2363825214742273,0.38,-0.01,-0.0399999999999999,0.0100000000000002,-0.0399999999999998,-1.0922922300528426,1.8605744566077795,Test  (2016-2026)
2016-03-16,-0.8488964346349746,-0.25,0.0,-0.42082062540315107,-0.13565378494631097,-0.059880482645162214,0.17080715697624704,0.37,-0.1099999999999999,-0.1099999999999999,-0.03,-0.05,0.5584727881779697,1.7539370105694645,Test  (2016-2026)
2016-04-27,-0.8417508417508417,-0.2167,0.0577,-0.14552517483581973,-0.12850819206217812,0.03014166213737804,0.20410715697624704,0.37,-0.03,-0.0599999999999999,-0.0699999999999998,-0.06,0.164799411174684,-0.4921984483128068,Test  (2016-2026)
2016-06-15,-1.607142857142857,-0.3167,0.0577,-0.9167258938318812,-0.8939002074541934,-0.09817688990547938,0.10410715697624706,0.37,-0.05,0.0,-0.02,0.0499999999999998,-0.1842409063810195,0.3813782681049467,Test  (2016-2026)
2016-07-27,-1.1986301369863013,0.15,0.0,0.11397947435367084,-0.4975603091888461,0.45356380691991827,0.5674332504701878,0.4,-0.02,-0.0799999999999999,-0.05,-0.06,-0.1199260946808637,0.0765045471450519,Test  (2016-2026)
2016-09-21,-0.6430868167202572,0.25,0.0,0.3374398802486339,0.05798301107719794,0.15667887483578735,0.6674332504701879,0.4,0.0,-0.03,-0.03,-0.0999999999999998,1.085800033363595,0.2958609173643198,Test  (2016-2026)
2016-11-02,-0.487012987012987,0.25,0.0,0.04190856830295042,0.2099992334873988,0.07163817801038966,0.6663086149681681,0.41,-0.0199999999999999,-0.01,-0.02,0.0,-0.6546884453454002,0.9332581981708648,Test  (2016-2026)
2016-12-14,-0.8976660682226212,0.35,0.0,-0.4956180462605125,-0.20065384772223538,0.17163817801038964,0.766308614968168,0.41,0.1,0.07,0.06,0.06,-0.8150295461858615,-0.4053571810074119,Test  (2016-2026)
2017-02-01,-1.1560693641618496,0.15,0.0,-0.4201985130077939,-0.5199212531175057,-0.11340251881500799,0.549439082437872,0.56,0.03,-0.03,0.0299999999999998,-0.0300000000000002,0.0298318988116289,0.5989365167651914,Test  (2016-2026)
2017-03-15,-0.7393715341959335,0.35,0.0,0.20655720589168125,-0.14379949612228415,0.25667887483578733,0.7381927274176745,0.66,-0.0699999999999998,-0.0999999999999998,-0.0900000000000003,-0.1299999999999999,0.8339879124686365,0.3384748980890977,Test  (2016-2026)
2017-05-03,-1.303538175046555,0.2833,0.0577,-0.6963460836835024,-0.8094063193996419,0.019897481184992016,0.643376839867181,0.91,0.03,0.06,0.04,0.1,-0.1272169395827386,0.3427568571428633,Test  (2016-2026)
2017-06-14,-1.0526315789473684,0.35,0.0,0.013175613098028949,-0.5584997233004554,0.1433196259675322,0.710076839867181,0.91,-0.0299999999999998,-0.0199999999999997,-0.06,-0.02,-0.0996326965317602,0.5357745594795803,Test  (2016-2026)
2017-07-26,-1.147227533460803,0.15,0.0,-0.2853841093872179,-0.7545358602406265,-0.11340251881500799,0.48196095231668745,1.16,-0.0399999999999998,-0.0599999999999998,-0.04,-0.0300000000000002,0.0282624006119479,-0.2760964143950149,Test  (2016-2026)
2017-09-20,-1.090909090909091,0.3333,0.0289,-0.15216793828865227,-0.6982174176889144,0.23997887483578734,0.6652609523166875,1.16,0.05,0.04,0.0399999999999995,-0.02,0.0634146702309437,-0.3993357949292305,Test  (2016-2026)
2017-11-01,-1.3257575757575757,0.2833,0.0577,-0.43279808821783605,-0.896547436863774,0.03409927755483341,0.6253826718348652,1.07,0.01,0.01,-0.0099999999999997,-0.06,0.1590844107903869,0.6143525088661392,Test  (2016-2026)
2017-12-13,-1.394422310756972,0.35,0.0,-0.3105528088259317,-1.0057882448338649,0.1433196259675322,0.6808363168146677,1.17,-0.04,0.01,-0.04,-0.0099999999999997,-0.0473068970150185,0.9730555288827584,Test  (2016-2026)
2018-01-31,-1.146788990825688,0.35,0.0,-0.007101434307806853,-0.8595951073293174,0.086597481184992,0.6527204292641742,1.42,0.0100000000000002,-0.0499999999999998,-0.0099999999999997,0.04,0.0488865858694788,-6.343865394840886,Test  (2016-2026)
2018-03-21,-0.6479481641468683,0.4167,0.0577,0.29043649402637406,-0.3688694952446365,0.15329748118499203,0.7171711582601348,1.44,-0.0299999999999998,-0.0099999999999997,0.0,-0.04,-0.1845692125629406,-2.172534570419903,Test  (2016-2026)
2018-05-02,-0.9174311926605504,0.35,0.0,-0.38455781322373694,-0.7438503134821245,0.029875336402451658,0.6212306352076215,1.7,-0.0099999999999997,-0.0099999999999997,0.0,-0.02,-0.7231951201402356,0.6693621796858618,Test  (2016-2026)
2018-06-13,-0.6006006006006006,0.45,0.0,0.15133746168886153,-0.4270197214221747,0.18659748118499203,0.7212306352076214,1.7,0.0499999999999998,0.02,0.02,-0.04,-0.4034254541411456,-0.4711765515288466,Test  (2016-2026)
2018-08-01,-0.9345794392523364,0.35,0.0,-0.4401952331386665,-0.8462083133123691,0.0015567843595942765,0.5976132896652069,1.91,0.0,-0.0299999999999998,0.04,-0.02,-0.1040893067571133,1.203887123078726,Test  (2016-2026)
2018-09-26,-0.3289473684210526,0.45,0.0,0.4369306262709352,-0.24869145707522416,0.18659748118499203,0.6953640186611674,1.93,0.0,-0.0100000000000002,-0.04,-0.0100000000000002,-0.3294699681159941,0.3092398745411677,Test  (2016-2026)
2018-11-08,-0.6309148264984227,0.35,0.0,-0.3573594773318172,-0.6602143121734697,0.0015567843595942765,0.5649988601066344,2.2,0.02,-0.0699999999999998,0.02,-0.08,-0.2512068988491457,-3.313482471150537,Test  (2016-2026)
2018-12-19,-0.2906976744186046,0.3833,0.0577,0.228329182918249,-0.31999716009365164,0.119897481184992,0.5982988601066344,2.2,-0.02,-0.1,-0.0499999999999998,-0.0799999999999996,-1.55154591759368,-7.970296203689577,Test  (2016-2026)
2019-01-30,-1.4577259475218658,-0.35,0.0,-1.215264048403198,-1.5681775791383017,-0.6417210708578654,-0.15749384993376042,2.4,-0.04,-0.0300000000000002,-0.02,0.0099999999999997,1.5429609891560043,3.164184640361465,Test  (2016-2026)
2019-03-20,-1.6713091922005572,-0.35,0.0,-0.48016165622568896,-1.781760823816993,-0.01811764103722424,-0.15749384993376042,2.4,-0.06,-0.2000000000000001,-0.0699999999999998,-0.1799999999999997,-0.2948696740769673,-1.2150881213663625,Test  (2016-2026)
2019-05-01,-1.791044776119403,-0.35,0.0,-0.4262738917049811,-1.9217844442211867,-0.01811764103722424,-0.16311702744385914,2.45,0.04,0.04,0.0100000000000002,0.0,-0.753044585029134,-0.4545576209129248,Test  (2016-2026)
2019-06-19,-1.0810810810810811,-0.35,0.0,0.38102371657465994,-1.179359890806309,-0.01811764103722424,-0.1541199434277012,2.37,-0.1200000000000001,-0.1400000000000001,-0.0300000000000002,-0.04,0.2980716793023842,0.9414917388581788,Test  (2016-2026)
2019-07-31,-1.4388489208633095,-0.35,0.0,-0.5538786928621772,-1.5452429451826761,-0.01811764103722424,-0.15636921443174068,2.39,0.0399999999999998,-0.26,-0.04,-0.31,-1.094520695213996,-5.75243052302059,Test  (2016-2026)
2019-09-18,-1.25,-0.35,0.0,-0.07419773411863484,-1.3198755586457414,-0.01811764103722424,-0.14624749491356298,2.3,0.05,-0.04,-0.01,-0.09,0.034263328426719,-0.4641931916511279,Test  (2016-2026)
2019-10-11,0.5457025920873124,-0.1833,0.0289,1.5679882184082559,0.6705921837009048,0.14858235896277575,0.07443500918338455,1.82,0.0999999999999998,0.05,0.09,0.08,1.0879579673789057,1.7396398823865395,Test  (2016-2026)
2019-10-30,-1.6528925619834711,-0.4,0.0866,-2.0903464265051355,-1.5280029703698788,-0.20988048264516224,-0.14226499081661548,1.82,-0.0299999999999998,-0.0399999999999998,-0.06,-0.05,0.324808940085731,1.3533827131278284,Test  (2016-2026)
2019-12-11,-1.834862385321101,-0.2667,0.0289,-0.4850625114373688,-1.6004173966866333,0.10770270737547455,0.021400167737917586,1.55,-0.0399999999999998,0.0,-0.06,0.0399999999999998,0.290393752935077,1.8637544997663589,Test  (2016-2026)
2020-01-29,-1.834862385321101,-0.2,0.0,-0.3371379394965184,-1.6004173966866333,0.06104345850721943,0.08810016773791757,1.55,-0.03,-0.0899999999999998,-0.0499999999999998,-0.1099999999999998,-0.0867250143584631,-0.8373811023503809,Test  (2016-2026)
2020-03-03,0.0,-0.85,0.0,1.4977244458245826,0.21821455944618984,-0.6456786862753208,-0.5663983742701614,1.59,-0.13,-0.35,-0.08,-0.3600000000000001,-2.851048492291458,-3.888586165464859,Test  (2016-2026)
2020-03-15,-1.4064697609001406,-0.9,0.0,-1.4003180821457988,-0.9894324438975475,-0.1429141569102359,-0.5612912346711941,1.1,0.0,-0.12,0.0,-0.0199999999999999,0.0,-16.22790202521716,Test  (2016-2026)
2020-03-23,0.1597444089456869,-0.9167,0.0577,1.30922542392124,0.9622544191698785,-0.11709380849753692,-0.4711508619793186,0.15,-0.0899999999999999,-0.12,-0.16,-0.2,-2.973150100957679,9.769670746182875,Test  (2016-2026)
2020-04-29,-1.3636363636363635,-0.85,0.0,-1.487342058372961,-0.5164926731444078,-0.03619201212769563,-0.3920798714571015,0.04,0.0,-0.01,0.01,0.02,2.623670404507307,-0.7237827709908287,Test  (2016-2026)
2020-06-10,-1.1286681715575622,-0.85,0.0,-0.014006731821473384,-0.29369730295681484,-0.09291415691023586,-0.3954537779631607,0.07,-0.03,-0.01,-0.0899999999999999,-0.13,-0.5327255735182077,-4.482580130808399,Test  (2016-2026)
2020-07-29,-1.5086206896551724,-0.85,0.0,-0.5849665751747795,-0.6858226429456334,-0.09291415691023586,-0.3988276844692199,0.1,-0.02,-0.03,-0.01,-0.0299999999999999,1.2351783351742582,2.339108049482304,Test  (2016-2026)
2020-08-27,-1.0703363914373087,-0.6333,0.0577,0.16218384472500036,-0.24348073743070042,0.12378584308976415,-0.1810030489672002,0.09,0.0,-0.03,0.05,-0.0099999999999998,0.1671646031809138,1.3681105126576796,Test  (2016-2026)
2020-09-16,-2.131438721136768,-0.85,0.0,-1.255202928258119,-1.3045830671301595,-0.2771973469308726,-0.3977030489672002,0.09,0.0,0.0,0.0099999999999998,0.0,-0.4629646892151834,-3.596173739583054,Test  (2016-2026)
2020-11-05,-2.286902286902288,-0.85,0.0,-0.5480888147839362,-1.4600466328956798,-0.09291415691023586,-0.3977030489672002,0.09,0.0,0.0499999999999999,0.01,0.1999999999999999,1.927326577670128,2.921670871680394,Test  (2016-2026)
2020-12-16,-2.42914979757085,-0.85,0.0,-0.5639588800252195,-1.6022941435642417,-0.09291415691023586,-0.3977030489672002,0.09,0.02,0.02,0.0,0.0299999999999999,0.1771225620323064,0.0081142990248244,Test  (2016-2026)
2021-01-27,-2.404809619238477,-0.85,0.0,-0.4239846820551123,-1.5738963579347993,-0.09291415691023586,-0.39657841346518047,0.08,0.0099999999999999,0.0,-0.01,0.04,-2.601331512610035,-1.987609376745325,Test  (2016-2026)
2021-03-17,-2.636916835699797,-0.85,0.0,-0.6758782037111117,-1.8019459670990499,-0.09291415691023586,-0.3954537779631607,0.07,-0.0199999999999999,0.0,0.0099999999999997,0.0699999999999998,0.2875244650159259,-0.5597644191200997,Test  (2016-2026)
2021-04-28,-2.4489795918367347,-0.75,0.0,-0.2992593421508194,-1.6140087232359874,0.007085843089764121,-0.29545377796316075,0.07,0.0,-0.01,0.0,0.0,-0.0845897587396047,0.1417752181698625,Test  (2016-2026)
2021-06-16,-2.663934426229508,-0.6333,0.0289,-0.6669897073446815,-1.8249059503316913,0.038745146264366426,-0.17762914246114098,0.06,0.0499999999999999,0.11,0.06,-0.01,-0.5404703747026491,-0.5146706465663554,Test  (2016-2026)
2021-07-28,-2.395209580838324,-0.35,0.0,-0.2235265384174543,-1.572411534128785,0.2228026530691274,0.1011723155307801,0.1,0.0,-0.03,0.01,-0.05,-0.0186279231552706,-0.3254166664601677,Test  (2016-2026)
2021-09-22,-2.119460500963391,0.25,0.0,-0.16622580890777616,-1.288547239659713,0.5818823589627757,0.7034215865348195,0.08,0.03,0.09,-0.01,0.1499999999999999,0.9474585224220085,2.021596448533248,Test  (2016-2026)
2021-11-03,-1.4331210191082804,0.35,0.0,0.29595527209039507,-0.6022077578046026,0.17163817801038964,0.8034215865348195,0.08,0.0099999999999999,-0.01,0.04,-0.05,0.644049461289024,1.5226961061693949,Test  (2016-2026)
2021-12-15,-1.48975791433892,0.45,0.0,-0.3186119007948438,-0.6588446530352421,0.18659748118499203,0.9034215865348195,0.08,0.0199999999999999,-0.02,0.03,-0.01,1.6216267351890876,-1.435995886653174,Test  (2016-2026)
2022-01-26,-0.8988764044943821,0.6733,0.0404,0.3183101465925947,-0.06796314319070429,0.3248567843595943,1.1267215865348195,0.08,0.1099999999999998,0.1599999999999999,0.07,0.01,-0.1497756925885658,3.5869402011864397,Test  (2016-2026)
2022-03-16,1.1049723756906076,0.65,0.0,1.8418271178636292,1.9358856369942854,0.1116609083484813,1.1034215865348196,0.08,0.0999999999999998,0.29,0.04,0.1699999999999999,2.2136921648393444,4.556918627468062,Test  (2016-2026)
2022-05-04,1.2594458438287155,0.75,0.0,0.36735756893302307,1.988918922705657,0.23147539070879897,1.175305698984326,0.33,-0.1199999999999996,-0.1699999999999999,-0.04,0.0799999999999996,2.942522155732583,-4.512735996033011,Test  (2016-2026)
2022-06-15,1.3054830287206265,0.75,0.0,0.2878221658461506,1.832075742744095,0.14643469388340136,1.119073923883339,0.83,-0.25,-0.2800000000000002,-0.1600000000000001,-0.2400000000000002,1.4487058836534477,-1.636670093629271,Test  (2016-2026)
2022-07-27,1.2084592145015105,0.75,0.0,0.1533743944917778,1.4307313812447697,0.14643469388340136,1.0347262612318584,1.58,-0.06,-0.1200000000000001,-0.0300000000000002,-0.2099999999999999,2.5820048778629068,4.916106780737871,Test  (2016-2026)
2022-09-21,1.2048192771084338,0.85,0.0,0.22860581017905224,1.1227708965714838,0.24643469388340133,1.0503785985803777,2.33,0.0599999999999996,0.3099999999999996,-0.06,0.31,-1.726467409850635,-5.350515758657144,Test  (2016-2026)
2022-11-02,1.7456359102244388,0.7833,0.0577,0.772381374456755,1.3592669824072794,0.09469399705800363,0.8993309359288971,3.08,0.0700000000000002,0.1799999999999997,0.0299999999999993,0.1499999999999994,-2.5319843737482883,-1.2867381304516303,Test  (2016-2026)
2022-12-14,1.4962593516209477,0.74,0.0173,0.08337110359898836,0.8055698765235794,0.10811614184054386,0.7716832732774166,3.83,0.0100000000000006,0.0300000000000002,-0.0199999999999995,0.06,-0.6071116623835963,-5.155716341277738,Test  (2016-2026)
2023-02-01,1.9553072625698324,0.6733,0.0404,0.7451390040873445,1.0617374226189913,0.07823876356594106,0.6487514981764295,4.33,-0.1200000000000001,0.2300000000000004,-0.1299999999999999,0.1099999999999998,1.039805629688473,0.8422455092514634,Test  (2016-2026)
2023-03-22,1.7948717948717947,0.4833,0.0577,0.21154020368955329,0.7998617724942171,-0.05503909165151871,0.4306356106259359,4.58,-0.2099999999999999,-0.2299999999999999,-0.1099999999999998,-0.06,-1.6600248639842885,-0.6350602122590037,Test  (2016-2026)
2023-05-03,1.4044943820224718,0.65,0.0,-0.04841806906240875,0.3080441772181579,0.27323823231673694,0.5692197230754426,4.83,-0.08,0.0299999999999998,-0.06,0.08,-0.7022908054892971,0.4490371356806272,Test  (2016-2026)
2023-06-14,1.366120218579235,0.45,0.0,0.2305483607418899,0.16822983134818448,-0.06852460929120102,0.34110383552494894,5.08,0.0700000000000002,0.0300000000000002,-0.0099999999999997,-0.0699999999999998,0.0819089980126584,0.9245294005965492,Test  (2016-2026)
2023-07-26,1.675977653631285,0.65,0.0,0.5716004279412537,0.47808726640023447,0.3015567843595943,0.5411038355249489,5.08,-0.0299999999999993,0.0300000000000002,-0.0500000000000002,0.06,-0.0155450978675918,0.4696167213129498,Test  (2016-2026)
2023-09-20,1.3774104683195594,0.45,0.0,0.021147915699686992,0.07807989866177278,-0.06852460929120102,0.3129879479744554,5.33,0.04,0.0099999999999997,-0.0200000000000004,0.1799999999999997,-0.943920420629104,-2.4259365723733355,Test  (2016-2026)
2023-11-01,1.3550135501355014,0.5167,0.1155,0.2414583996153512,0.055682980477714805,0.16825678435959435,0.37968794797445543,5.33,-0.1200000000000001,-0.1400000000000005,-0.1100000000000003,-0.2099999999999999,1.0451194990191868,4.023547519293063,Test  (2016-2026)
2023-12-13,1.3157894736842104,0.35,0.0,0.22044093827421452,0.016458904026423804,-0.055165360422946064,0.21298794797445536,5.33,-0.2700000000000004,-0.3000000000000007,-0.1600000000000001,-0.25,1.355834517501981,2.0643780223126305,Test  (2016-2026)
2024-01-31,0.2793296089385474,0.35,0.0,-0.7841333939561649,-1.0200009607192393,0.086597481184992,0.21298794797445536,5.33,-0.0900000000000007,0.0999999999999996,-0.0699999999999994,0.1100000000000003,-1.6236851740733682,0.3615780386665324,Test  (2016-2026)
2024-03-20,0.2840909090909091,0.45,0.0,0.06317354928288205,-1.0152396605668774,0.18659748118499203,0.3129879479744554,5.33,-0.0899999999999998,-0.1399999999999996,-0.0300000000000002,-0.0499999999999998,0.8864765516360184,0.7633262394530537,Test  (2016-2026)
2024-05-01,0.4694835680751174,0.45,0.0,0.2446957132915953,-0.8298470015826692,0.10155678435959431,0.3129879479744554,5.33,-0.08,-0.2199999999999997,-0.0600000000000005,-0.2000000000000001,-0.3441353485631687,2.8397402590208927,Test  (2016-2026)
2024-06-12,0.547945205479452,0.35,0.0,0.1724503311571361,-0.7513853641783346,0.0015567843595942765,0.21298794797445536,5.33,-0.0599999999999996,-0.0599999999999996,-0.08,-0.1099999999999994,0.8467720241887338,1.8050857770327184,Test  (2016-2026)
2024-07-31,0.5235602094240838,0.35,0.0,0.08428330842320314,-0.7757703602337028,0.086597481184992,0.21298794797445536,5.33,-0.0599999999999996,-0.4599999999999995,-0.0600000000000005,-0.3700000000000005,1.5669980701917767,-4.709809109101873,Test  (2016-2026)
2024-09-18,0.7957559681697612,-0.6,0.0,0.3763018050113905,-0.5035746014880254,-0.863402518815008,-0.7370120520255445,5.33,0.02,-0.02,0.0500000000000002,0.1,-0.2900658708313291,1.4796118980109365,Test  (2016-2026)
2024-11-07,0.2932551319648094,-0.3167,0.0289,-0.3474689118696666,-0.8031950728395045,0.2277841010262699,-0.3974802769245575,4.83,-0.0599999999999996,0.0700000000000002,-0.1100000000000003,0.0099999999999997,0.7403754173995657,0.9225290923734256,Test  (2016-2026)
2024-12-18,0.273224043715847,0.15,0.0,0.040986526560135794,-0.7217859786617307,0.45356380691991827,0.0973356106259359,4.58,0.0999999999999996,0.0499999999999998,0.0999999999999996,0.1899999999999995,-2.993650530451818,-1.273066306704132,Test  (2016-2026)
2025-01-29,0.303030303030303,0.25,0.0,0.08707620089577023,-0.5905395369205383,0.15667887483578735,0.2254514981764295,4.33,0.0199999999999995,0.0699999999999994,0.0,-0.0099999999999997,-0.4689876056919602,-1.2125622624501682,Test  (2016-2026)
2025-03-19,0.516795865633075,0.25,0.0,0.2766120419470287,-0.37677397431776627,0.07163817801038966,0.2254514981764295,4.33,-0.0499999999999998,0.0,-0.04,0.0499999999999998,1.0740608172953767,2.68697553956423,Test  (2016-2026)
2025-05-07,1.1560693641618496,0.25,0.0,0.7421139844907232,0.2624995242110083,0.07163817801038966,0.2254514981764295,4.33,0.0,0.2000000000000001,-0.04,0.1500000000000003,0.4336938106710132,4.1448201796320365,Test  (2016-2026)
2025-06-18,0.6269592476489028,0.35,0.0,-0.30666613493002826,-0.2666105923019385,0.17163817801038964,0.3254514981764295,4.33,0.0,-0.1,-0.0099999999999997,-0.0499999999999998,-0.0309288034720587,0.7070331820951248,Test  (2016-2026)
2025-07-30,0.5747126436781609,0.25,0.0,0.07120466221100985,-0.3188571962726804,-0.01340251881500798,0.2254514981764295,4.33,0.08,-0.1699999999999999,0.04,-0.1200000000000001,-0.1250213938509471,-0.6443698679039218,Test  (2016-2026)
2025-08-22,-1.3333333333333337,0.0,0.0,-1.7943696764486936,-2.226903173284175,-0.17836182198961034,-0.02454850182357049,4.33,-0.1099999999999998,-0.2000000000000001,-0.0700000000000002,-0.0899999999999998,1.507228515877914,1.7310376782552122,Test  (2016-2026)
2025-09-17,0.5602240896358543,-0.4167,0.0577,1.6502519791279047,-0.3333457503149869,-0.3824600799261162,-0.4412485018235705,4.33,0.0100000000000002,0.1,0.0199999999999995,0.1100000000000003,-0.0970639078244386,1.3080923410707304,Test  (2016-2026)
2025-10-29,0.2583979328165375,-0.35,0.0,-0.1908605610079896,-0.5499621538958452,0.03860450374531599,-0.35093115628115595,4.12,0.1199999999999996,0.1299999999999999,0.0899999999999998,0.1399999999999996,-0.0043579204733175,-0.5664035714466382,Test  (2016-2026)
2025-12-10,0.4889975550122249,-0.35,0.0,0.28509570455383265,-0.2260375638675602,-0.01811764103722424,-0.3250645397347019,3.89,-0.0699999999999998,-0.1,-0.0499999999999998,0.0,0.6726880659139977,-0.3514679707534328,Test  (2016-2026)
2026-01-28,0.6349206349206349,0.15,0.0,0.243562700934986,0.02132569846758614,0.48188235896277576,0.20305134781579162,3.64,0.0300000000000002,0.04,0.0199999999999995,0.0499999999999998,-0.008172639170147,-0.0309587971257163,Test  (2016-2026)
2026-03-18,0.6060606060606061,0.1833,0.0577,0.09608075589222975,-0.0075343303924426674,0.08997887483578734,0.23635134781579162,3.64,0.0799999999999996,0.1499999999999999,0.0599999999999996,0.1399999999999996,-1.370099938373084,-2.031940722032662,Test  (2016-2026)
2026-04-29,0.2747252747252747,0.25,0.0,-0.21179405140115987,-0.33886966172777405,0.12836032279292992,0.3030513478157916,3.64,0.08,0.1100000000000003,0.0599999999999996,0.0899999999999998,-0.0399251743512484,0.8640519623272941,Test  (2016-2026)
